Video ID	Title	Channel ID	Author	Description	Length	Length (Seconds)	Published	Language	Audio Language	Views	Likes	Dislikes	Like Ratio	Comments	Source	Kids	Embeddable	Licensed Content	Dimension	Definition	Caption	Projection	License	Privacy Status	Content Rating	Region Restriction Count	Region Restriction	Livestream	Location Name	Location	Recording Date	Tag Count	Tags	Localization Count	Localizations
<a target='_blank' href='https://youtu.be/lb0dBVWozRo'>lb0dBVWozRo</a>	<a target='_blank' href='https://youtu.be/lb0dBVWozRo'>Mary Hopkin ~ Knock Knock Who's There  1970</a>	<a target='_blank' href='https://www.youtube.com/channel/UCDT9Zg0mzo8Zs2G1vsDOGJw'>UCDT9Zg0mzo8Zs2G1vsDOGJw</a>	<a target='_blank' href='https://www.youtube.com/channel/UCDT9Zg0mzo8Zs2G1vsDOGJw'>BladeSteve2007</a>	Written by John Carter & Geoff Stephens.<br>Good Eurovision performance from Mary in 1970.<br>This was the runner-up to the worthy winner, Ireland's Dana with 'All Kinds Of Everything.<br>A quote from co-writer of 'KKWT' John Carter ...  'I think Mary Hopkin regretted Eurovision. She didn't want to do it and was talked into it. I don't think she liked the record.'  <br>Taken from TOTP2.	    2m 29s 	149	2007-12-03T00:11:05Z			1,910,081	6,777			707			true		2d	sd	false	rectangular	youtube	public								11	Mary, Hopkin, Knock, Who's, There, Eurovision, Song, UK, hit, entry, 1970	0	
<a target='_blank' href='https://youtu.be/f8OHybVhQwc'>f8OHybVhQwc</a>	<a target='_blank' href='https://youtu.be/f8OHybVhQwc'>Knockin' On Heaven's Door</a>	<a target='_blank' href='https://www.youtube.com/channel/UCSLbbBoUqpin6BE34whSOvA'>UCSLbbBoUqpin6BE34whSOvA</a>	<a target='_blank' href='https://www.youtube.com/channel/UCSLbbBoUqpin6BE34whSOvA'>Guns N' Roses - Topic</a>	Provided to YouTube by Universal Music Group<br><br>Knockin' On Heaven's Door ¬∑ Guns N' Roses<br><br>Use Your Illusion II<br><br>‚Ñó A Geffen Records Release; ‚Ñó 1991 UMG Recordings, Inc.<br><br>Released on: 1991-09-17<br><br>Producer, Studio  Personnel, Engineer: Mike Clink<br>Producer: Guns N' Roses<br>Studio  Personnel, Mixer: Bill Price<br>Studio  Personnel, Engineer: Jim Mitchell<br>Composer  Lyricist: Bob Dylan<br><br>Auto-generated by YouTube.	    5m 36s 	336	2018-05-31T11:31:45Z			132,134,605	1,064,324			8,932			true	true	2d	hd	false	rectangular	youtube	public		101 (allowed)	Allowed [AE, AR, AS, AT, AU, AW, BA, BE, BG, BH, BM, BO, BR, BY, CA, CH, CL, CO, CR, CY, CZ, DE, DK, DO, DZ, EC, EE, EG, ES, FI, FR, GB, GF, GR, GT, GU, HK, HN, HR, HU, ID, IE, IL, IN, IS, IT, JO, JP, KE, KR, KW, KY, LB, LI, LT, LU, LV, MA, MK, MP, MQ, MT, MX, MY, NC, NG, NI, NL, NO, NZ, OM, PA, PE, PF, PG, PH, PL, PT, PY, QA, RO, RS, RU, SA, SE, SG, SI, SK, SV, TC, TH, TR, TW, UA, US, UY, VE, VI, VN, YT, ZA]					6	Guns N' Roses, „Ç¨„É≥„Ç∫„Ç¢„É≥„Éâ„É≠„Éº„Çº„Ç∫, „Ç¨„É≥„Ç∫„Éª„Ç¢„É≥„Éâ„Éª„É≠„Éº„Çº„Ç∫, Use Your Illusion II, Knockin' On Heaven's Door, „Éé„ÉÉ„Ç≠„É≥„Éª„Ç™„É≥„Éª„Éò„É¥„É≥„Ç∫„Éª„Éâ„Ç¢	0	
<a target='_blank' href='https://youtu.be/OmEpkztK5Lw'>OmEpkztK5Lw</a>	<a target='_blank' href='https://youtu.be/OmEpkztK5Lw'>Mac Miller - Knock Knock</a>	<a target='_blank' href='https://www.youtube.com/channel/UC3SEvBYhullC-aaEmbEQflg'>UC3SEvBYhullC-aaEmbEQflg</a>	<a target='_blank' href='https://www.youtube.com/channel/UC3SEvBYhullC-aaEmbEQflg'>Mac Miller</a>	GO:OD AM Album Out Now<br><br>Download it here: https://smarturl.it/GOODAM<br><br>Rex Arrow Films, Rostrum Records & TreeJTV Present...<br><br>Mac Miller<br>Knock Knock<br>Produced by ID Labs<br>Directed & Edited by Ian Wolfson (Rex Arrow Films 2010)<br>Additional Camera: Lucas Stevens & Justin Boyd<br>Produced by Noam Harary, Samantha Racanelli, Ian Wolfson<br>Executive Produced by Benjy Grinberg<br>Hair & Makeup Team:<br>Kristen Varoli-Hair<br>Kimberly Nieves-Hair<br>Bethany Montecalvo-Make-up<br>Stephanie Truchan-Make-up<br>Marketing & Promotion - Arthur Pitt<br><br>Rex Arrow Films 2010<br>Rostrum Records 2010	    3m 52s 	232	2010-11-23T01:45:11Z			29,179,682	123,748			12,607			true		2d	hd	false	rectangular	youtube	public								11	mac miller, rex arrow films, rostrum records, kids, knock knock, pittsburgh, hip hop, treejtv, ian wolfson, 1950s, mostdope	0	
<a target='_blank' href='https://youtu.be/9o4LKzaMaOo'>9o4LKzaMaOo</a>	<a target='_blank' href='https://youtu.be/9o4LKzaMaOo'>Hotline Miami Soundtrack OST   Knock - Knock</a>	<a target='_blank' href='https://www.youtube.com/channel/UCncBY9mQmFU9h07Ou6slZkA'>UCncBY9mQmFU9h07Ou6slZkA</a>	<a target='_blank' href='https://www.youtube.com/channel/UCncBY9mQmFU9h07Ou6slZkA'>S T</a>		    4m 5s 	245	2019-09-03T16:04:20Z			331,864	4,961			287			true		2d	hd	false	rectangular	youtube	public								0		0	
<a target='_blank' href='https://youtu.be/W3W9Yj8a0Fg'>W3W9Yj8a0Fg</a>	<a target='_blank' href='https://youtu.be/W3W9Yj8a0Fg'>Angerfist - Knock Knock</a>	<a target='_blank' href='https://www.youtube.com/channel/UCdluEI4RUCXmIgWyGmt5y9g'>UCdluEI4RUCXmIgWyGmt5y9g</a>	<a target='_blank' href='https://www.youtube.com/channel/UCdluEI4RUCXmIgWyGmt5y9g'>Angerfist</a>	Follow the Angerfist HARDCORE playlist on Spotify: http://spoti.fi/2wWFqZM	    4m 3s 	243	2014-11-26T12:35:57Z			5,143,584	45,652			1,016			true		2d	hd	false	rectangular	youtube	public								20	Angerfist, Hardcore, Hardcore Techno, Gabba, Gabber, MOH, Masters, Deadfaced, Dimension, Hardstyle, EDM, Dance, Hard, Qlimax, Rawstyle, Radical Redemption, Minus Militia, Album, New, 2014	0	
<a target='_blank' href='https://youtu.be/8A2t_tAjMz8'>8A2t_tAjMz8</a>	<a target='_blank' href='https://youtu.be/8A2t_tAjMz8'>TWICE "KNOCK KNOCK" M/V</a>	<a target='_blank' href='https://www.youtube.com/channel/UCaO6TYtlC8U5ttz62hTrZgg'>UCaO6TYtlC8U5ttz62hTrZgg</a>	<a target='_blank' href='https://www.youtube.com/channel/UCaO6TYtlC8U5ttz62hTrZgg'>JYP Entertainment</a>	TWICE(Ìä∏ÏôÄÏù¥Ïä§) "KNOCK KNOCK" M/V<br><br>The 5th Mini Album "What is Love?" <br>Spotify https://goo.gl/jVLYYY<br>iTunes & Apple Music https://goo.gl/DKyKZf<br><br>SPECIAL ALBUM "TWICEcoaster : LANE 2"<br>Spotify https://goo.gl/4ie9Ei<br>iTunes Apple Music: https://goo.gl/t9L891<br><br>TWICE Official Homepage: http://TWICE.jype.com<br>TWICE Official Fan's: http://fans.jype.com/TWICE<br>TWICE Official YouTube: http://www.youtube.com/c/TWICEonAir<br>TWICE Official Facebook: http://www.facebook.com/JYPETWICE<br>TWICE Official Twitter: http://www.twitter.com/JYPETWICE<br>TWICE Official Instagram: http://www.instagram.com/TWICETAGRAM<br><br>#TWICE #KNOCKKNOCK<br><br>Copyrights 2017 ‚ìí JYP Entertainment. All Rights Reserved	    4m 1s 	241	2017-02-19T15:00:01Z	en	ko	301,865,681	2,497,000			268,520			true	true	2d	hd	true	rectangular	youtube	public								47	TWICE KNOCK KNOCK, Ìä∏ÏôÄÏù¥Ïä§ KNOCK KNOCK, Ìä∏ÏôÄÏù¥Ïä§ ÎÇôÎÇô, TWICE ÎÇôÎÇô, TWICE, Ìä∏ÏôÄÏù¥Ïä§, KNOCK KNOCK, ÎÇôÎÇô, TWICE M/V, TWICE MV, TWICE Music Video, TWICE ÎÆ§ÏßÅÎπÑÎîîÏò§, TWICE ÎÆ§ÎπÑ, Ìä∏ÏôÄÏù¥Ïä§ M/V, Ìä∏ÏôÄÏù¥Ïä§ MV, Ìä∏ÏôÄÏù¥Ïä§ Music Video, Ìä∏ÏôÄÏù¥Ïä§ ÎÆ§ÏßÅÎπÑÎîîÏò§, Ìä∏ÏôÄÏù¥Ïä§ ÎÆ§ÎπÑ, TWICE KNOCK KNOCK MV, TWICE KNOCK KNOCK Music Video, Ìä∏ÏôÄÏù¥Ïä§ KNOCK KNOCK MV, Ìä∏ÏôÄÏù¥Ïä§ KNOCK KNOCK ÎÆ§ÎπÑ, Ìä∏ÏôÄÏù¥Ïä§ ÎÇôÎÇô ÎÆ§ÎπÑ, Ìä∏ÏôÄÏù¥Ïä§ ÎÇôÎÇô ÎÆ§ÏßÅÎπÑÎîîÏò§, Ìä∏ÏôÄÏù¥Ïä§ ÎÇôÎÇô MV, TT, Ìã∞Ìã∞, CHEER UP, ÏπòÏñºÏóÖ, OOH-AHHÌïòÍ≤å, Like OOH-AHH, Ïö∞ÏïÑÌïòÍ≤å, JYP, Ï†úÏù¥ÏôÄÏù¥Ìîº, NAYEON, JEONGYEON, MOMO, SANA, JIHYO, MINA, DAHYUN, CHAEYOUNG, TZUYU, Î™®Î™®, ÏÇ¨ÎÇò, ÎØ∏ÎÇò, ÏØîÏúÑ	3	en, ko, th
<a target='_blank' href='https://youtu.be/DujEvJIW_9I'>DujEvJIW_9I</a>	<a target='_blank' href='https://youtu.be/DujEvJIW_9I'>SoFaygo - Knock Knock (Directed by Cole Bennett)</a>	<a target='_blank' href='https://www.youtube.com/channel/UCtylTUUVIGY_i5afsQYeBZA'>UCtylTUUVIGY_i5afsQYeBZA</a>	<a target='_blank' href='https://www.youtube.com/channel/UCtylTUUVIGY_i5afsQYeBZA'>Lyrical Lemonade</a>	Lyrical Lemonade Presents:<br><br>SoFaygo - Knock Knock (Official Music Video)<br><br>SoFaygo Socials:<br>http://instagram.com/imsofaygo<br>http://twitter/com/imsofaygo<br><br>Directed & Edited: Cole Bennett <br>Song Produced by: Lil Tecca<br><br>VFX: Cole Bennett<br>3D Elements: KAYO<br>Colorist: Loren White<br><br>Director of Photography: Franklin Ricart<br>1st AC: Austin Puckett<br>2nd AC: Jacob L. Dugger<br>Steadicam: Renard Cheren<br><br>Production Designer: Cody Fusina<br>Art Coordinator: Rashi Jain<br>Set Decorator: Andrew Caso<br>Set Dresser: Daniela Montano<br>Set Dresser: Carlos Hernandez<br>Set Dresser: Ritka Ramesh<br>Art PA: Sebastian Polanco<br><br>Key Makeup & Wardrobe Designer: Rasheeda Ameera<br>SFX Makeup: Alan Gonzalez<br>Wardrobe Asst: Aunah Guitron<br>Makeup Asst: Charde Rene<br><br>Gaffer: Dmitri Christo<br>Key Grip: Cody Ingham<br>BBE: Chris Ginnaven<br>BBG: Hunter Barnes<br>Electric: Julian Tuzzeo<br>Electric: Ryan Silber<br>Grip: Sebastian Lam<br><br>1st AD: Erik Mateo <br>2nd AD: Anthony Hayward <br>PA: Vivica Price<br>PA: Carlos Salazar<br>PA: Nate Negron<br>PA: Adrian Cobb<br>PA: Nestor Tuduri<br>PA: Thomas Pressure<br><br>Executive Producer: Salvatore Tarantino<br>Production Manager: Toni Sudimac<br>Associate Producer: Jake Millan<br><br><br>Casting Director: Mill Ticket Entertainment<br><br>--<br><br>Official Channel of Lyrical Lemonade <br><br>Subscribe for updates on music videos, interviews, performance videos, etc.<br><br>Lyrical Lemonade's Hot 25 Spotify Playlist:<br>https://open.spotify.com/user/gh3vdz775oy18ah1wp9ucxsj5/playlist/5UuPeWDR2I8a8pORvW9vmr<br><br>Lyrical Lemonade Socials:<br><br>http://www.twitter.com/lyricalemonade<br>http://www.instagram.com/lyricalemonade<br>http://www.facebook.com/lyricalemonade<br>http://www.lyricallemonade.com<br><br><br>Cole Bennett Socials:<br><br>http://www.twitter.com/_colebennett_<br>http://www.instagram.com/_colebennett_<br><br>LENNY ~ a hidden character representing happiness & good energy<br>http://instagram.com/lenny	    2m 37s 	157	2021-05-04T01:30:14Z			44,844,380	970,946			39,203			true		2d	hd	false	rectangular	youtube	public				true (ended)				21	SoFaygo, Knock Knock, Lets lose our mind, Lyrical Lemonade, Cactus Jack, Cole Bennett, Music Video, beetlejuice, tim burton, music video, checkerboard, stripes, hip hop, rap, i knew shorty was a thotty, tik tok, faygo you gettin bigger, faygo, cards, off the map, everyday	0	
<a target='_blank' href='https://youtu.be/u2nRLeEQhYo'>u2nRLeEQhYo</a>	<a target='_blank' href='https://youtu.be/u2nRLeEQhYo'>Jack Savoretti - Knock Knock</a>	<a target='_blank' href='https://www.youtube.com/channel/UCovm8EZm6FNHbAOUSMu1CtQ'>UCovm8EZm6FNHbAOUSMu1CtQ</a>	<a target='_blank' href='https://www.youtube.com/channel/UCovm8EZm6FNHbAOUSMu1CtQ'>Jack Savoretti</a>	The new album 'Europiana' is out now: https://JackSavoretti.lnk.to/EuropianaID<br><br>Stream the Best Of Jack Savoretti: https://JackSavoretti.lnk.to/BestOfCollectionID<br>Watch more of Jack's videos: https://JackSavoretti.lnk.to/PlaylistID<br><br>Sign up to Jack's Mailing List: https://JackSavoretti.lnk.to/MailingID<br><br>Follow Jack online:<br>Facebook: https://www.facebook.com/Jacksavoretti<br>Twitter: https://twitter.com/jacksavoretti<br>Instagram: https://www.instagram.com/jacksavoretti<br>Website: http://jacksavoretti.com	    3m  	180	2012-02-19T11:10:58Z			631,213	2,883			111			true		2d	sd	false	rectangular	youtube	public								4	Jack Savoretti, Knock Knock, Music, Pop	0	
<a target='_blank' href='https://youtu.be/uAZ9R2t5Jd0'>uAZ9R2t5Jd0</a>	<a target='_blank' href='https://youtu.be/uAZ9R2t5Jd0'>Death - Keep on Knocking (1976)</a>	<a target='_blank' href='https://www.youtube.com/channel/UCSB-FRjFSEPedX9otGmoEkQ'>UCSB-FRjFSEPedX9otGmoEkQ</a>	<a target='_blank' href='https://www.youtube.com/channel/UCSB-FRjFSEPedX9otGmoEkQ'>riparapa</a>	This African-American trio from Detroit released just this 7" (A-side was 'Politicians in my Eyes') in their time of existence. Recorded in 1975, released <br>in -76. Group disbanded in -77. In 2009 all their recorded songs were released on LP "...For the Whole World to See".	    2m 51s 	171	2010-07-20T10:17:11Z			1,307,688	21,824			1,275			true		2d	sd	false	rectangular	youtube	public								12	death, keep, on, knocking, politicians, in, my, eyes, protopunk, garage, punk, rock	0	
<a target='_blank' href='https://youtu.be/vb3NnS_DjGE'>vb3NnS_DjGE</a>	<a target='_blank' href='https://youtu.be/vb3NnS_DjGE'>Double Vision - Knockin'</a>	<a target='_blank' href='https://www.youtube.com/channel/UCfj0YPUy3Fs3T3W9uEo74QA'>UCfj0YPUy3Fs3T3W9uEo74QA</a>	<a target='_blank' href='https://www.youtube.com/channel/UCfj0YPUy3Fs3T3W9uEo74QA'>Blanca P√©rez</a>	Music	    5m 26s 	326	2008-01-04T17:53:56Z			2,503,834	16,360			696			true		2d	sd	false	rectangular	youtube	public								4	Dance, Remember, 90's, Cantanditas	0	
<a target='_blank' href='https://youtu.be/utUVQdf5KW0'>utUVQdf5KW0</a>	<a target='_blank' href='https://youtu.be/utUVQdf5KW0'>Carol Fran - Knock Knock - R&B.wmv</a>	<a target='_blank' href='https://www.youtube.com/channel/UCbCYmI0rDVuKkMW1b5fazqA'>UCbCYmI0rDVuKkMW1b5fazqA</a>	<a target='_blank' href='https://www.youtube.com/channel/UCbCYmI0rDVuKkMW1b5fazqA'>Pete Griffin</a>	Carol Fran - Knock Knock - R&B	    2m 14s 	134	2010-06-22T09:21:55Z			192,994	1,054			20			true		2d	sd	false	rectangular	youtube	public								5	Carol, Fran, Knock, R&B, mods	0	
<a target='_blank' href='https://youtu.be/Q2hLFoFcVi8'>Q2hLFoFcVi8</a>	<a target='_blank' href='https://youtu.be/Q2hLFoFcVi8'>Don Carlos - Knock Knock.</a>	<a target='_blank' href='https://www.youtube.com/channel/UCM7WFwxMghES5d0ZiSe20Aw'>UCM7WFwxMghES5d0ZiSe20Aw</a>	<a target='_blank' href='https://www.youtube.com/channel/UCM7WFwxMghES5d0ZiSe20Aw'>Gordom Lomgo</a>	the best off king reggae	    3m 56s 	236	2012-06-13T21:47:43Z			1,029,270	5,809			219			true		2d	sd	false	rectangular	youtube	public								1	dink	0	
<a target='_blank' href='https://youtu.be/-yXl4icHlw8'>-yXl4icHlw8</a>	<a target='_blank' href='https://youtu.be/-yXl4icHlw8'>[8BIT] Twice - Knock Knock</a>	<a target='_blank' href='https://www.youtube.com/channel/UCO615czs48hYvhKdolnq_LQ'>UCO615czs48hYvhKdolnq_LQ</a>	<a target='_blank' href='https://www.youtube.com/channel/UCO615czs48hYvhKdolnq_LQ'>Master Jonald</a>	So... it's Twice who's knocking on my door.<br>New song of TWICE, new 8bit to cover.<br>Who's member of Twice that keeps knocking to your heart?<br>Comment down below ^_^<br>Mine, Sana.<br><br>Download Link:<br>https://mega.nz/#!1t5kTRaK!oY2cz3OuRu7nXCzcFFxbWuONdruQXJF2IPVdas_cZNY<br><br>- Credits - <br>Pixel Art by benny yeah<br>https://www.youtube.com/channel/UCu-EtV-jdWF5R7cpVju1-Gg<br><br><br>Check Out My  Recently 8-BIT Covers:<br><br>All 2017 8bit covers<br>https://www.youtube.com/playlist?list=PLaQBMqLrZCXoSOsjC7Oc30bJZ8kHILYX_<br><br>Twice - TT<br>https://www.youtube.com/watch?v=hE0xapU4fQQ<br><br>‚ô•‚ô• Hope you like it ‚ô•‚ô•<br>Like, Comment and Subscribe for more! üòä<br>Share this video to kpop fans in the world! üòä<br><br><br>‚ú§‚ú§ Master Jo's Official Account ‚ú§‚ú§<br>‚ìï https://www.facebook.com/everydaywithmasterjo/<br>‚ì£ https://twitter.com/MasterJonald<br>‚úâ jonald.chua@gmail.com	    3m 39s 	219	2017-02-21T16:29:18Z		en	474,602	20,374			449			true		2d	hd	false	rectangular	youtube	public								0		0	
<a target='_blank' href='https://youtu.be/ZeqR4tYSmGI'>ZeqR4tYSmGI</a>	<a target='_blank' href='https://youtu.be/ZeqR4tYSmGI'>Knock Knock by Jones Meadow - [House Music]</a>	<a target='_blank' href='https://www.youtube.com/channel/UCi14bJWs6zQFmDtkCel8nIw'>UCi14bJWs6zQFmDtkCel8nIw</a>	<a target='_blank' href='https://www.youtube.com/channel/UCi14bJWs6zQFmDtkCel8nIw'>Alrota Music</a>	------------------------------<br>‚ÜìMore info below‚Üì<br>------------------------------<br><br>Song: Knock Knock by Jones Meadow<br><br>Get this song here: https://player.epidemicsound.com/search/?search_query=Knock%20Knock%20Jones%20Meadow<br><br>‚Ä¢ You have to get a license to use this song without any copyright issues and claims!<br>‚Üí Please read this for more info: http://goo.gl/AtmemQ<br><br><br><br>Song Info:<br>Title: Knock Knock<br>Composer: Jones Meadow<br>Genre: House<br>Category: Angry<br><br>---------------------------------------------------------------------------------------------------------------------------------------------------------------------------<br><br>Looking for the best music for your own videos and projects? - https://Alrota.com/audiojungle<br>Manage and improve your YouTube videos with great tools: https://Alrota.com/tubebuddy<br>Get the sheet music of all your favorite songs here: https://Alrota.com/sheetmusicplus<br>Collect all royalties of your music - save 10% - https://Alrota.com/songtrust<br>Publish and sell your music - save 7% - https://Alrota.com/distrokid<br><br>Playlists:<br>No Copyright / Copyright Free Music: https://Alrota.com/nocopyright<br>Popular Uploads: https://Alrota.com/mostpopular<br>All Music Genres: https://Alrota.com/allgenres<br>Chart Songs: https://Alrota.com/chartsongs<br><br>Social Media:<br>Facebook: https://Alrota.com/facebook<br>Twitter: https://Alrota.com/twitter<br><br>‚òë Viewed<br>‚òë Liked<br>‚òê Subscribed - https://Alrota.com/subscribe<br><br>---------------------------------------------------------------------------------------------------------------------------------------------------------------------------<br><br>Alrota Music is a music promotion channel.<br><br>Here you'll find the best music from all around the world.<br><br>Some songs are copyright free and therefore free to use, other songs are just there for your personal enjoyment.<br><br>Please always check the video description of each song! In there you'll find more information about the terms and conditions of each song, if you can use them for free and how to use them properly.<br><br>If you're looking for copyright free music that you can use in your own YouTube videos, please check out this playlist: https://Alrota.com/copyrightfree<br><br>------------------------------<br>‚ÜëMore info above‚Üë<br>------------------------------	    3m 55s 	235	2018-11-08T23:30:00Z		en-US	1,838	30			0			true		2d	hd	false	rectangular	youtube	public								15	Gaming Music, Best Music, Best Music 2020, Best Songs, Best Songs 2020, Best Tracks, Best Tracks 2020, Best Sounds, Best Sounds 2020, YouTube Music, Music, Alrota, Alrota Music, Musica, Musik	0	